[
  {
    "id": "a24c8a7c-6290-40fa-a3c5-0d134a2e409c",
    "data": [
      {
        "text": "about yourself",
        "userDefined": false
      }
    ],
    "isTemplate": false,
    "count": 0
  },
  {
    "id": "a00ddb84-b36a-4716-8a48-15b1cc940d5c",
    "data": [
      {
        "text": "tell me about yourself",
        "userDefined": false
      }
    ],
    "isTemplate": false,
    "count": 0
  },
  {
    "id": "f512792d-0186-4d22-9ee3-6eff3c93d3eb",
    "data": [
      {
        "text": "tell me about rajasthan buddy",
        "userDefined": false
      }
    ],
    "isTemplate": false,
    "count": 0
  },
  {
    "id": "b379ddd9-8819-433b-8896-f9860cfa0058",
    "data": [
      {
        "text": "who are you",
        "userDefined": false
      }
    ],
    "isTemplate": false,
    "count": 0
  },
  {
    "id": "fc175e64-6d4b-4218-a9b3-8f9aee7ada7c",
    "data": [
      {
        "text": "what is rajasthan buddy",
        "userDefined": false
      }
    ],
    "isTemplate": false,
    "count": 0
  },
  {
    "id": "e70d4249-404f-4249-9d44-0cd6a7ff4370",
    "data": [
      {
        "text": "what is rajasthan buddy?",
        "userDefined": false
      }
    ],
    "isTemplate": false,
    "count": 0
  },
  {
    "id": "248a3896-60c8-4282-8ebb-ccf81240b88f",
    "data": [
      {
        "text": "what can you do?",
        "userDefined": false
      }
    ],
    "isTemplate": false,
    "count": 0
  },
  {
    "id": "280f2983-b817-4072-9f58-504a0abb1219",
    "data": [
      {
        "text": "tell me about you",
        "userDefined": false
      }
    ],
    "isTemplate": false,
    "count": 0
  },
  {
    "id": "af23b619-3106-4d98-8c9f-0da87320e839",
    "data": [
      {
        "text": "about you",
        "userDefined": false
      }
    ],
    "isTemplate": false,
    "count": 0
  },
  {
    "id": "6de01515-5e27-4118-9d0a-8509feeb60b2",
    "data": [
      {
        "text": "okk about you",
        "userDefined": false
      }
    ],
    "isTemplate": false,
    "count": 0
  },
  {
    "id": "04d909a2-0887-47d6-ae5d-6e8d9a0c6131",
    "data": [
      {
        "text": "how can you help me?",
        "userDefined": false
      }
    ],
    "isTemplate": false,
    "count": 0
  },
  {
    "id": "03516630-ef11-440e-8b19-9c4ea4c174c4",
    "data": [
      {
        "text": "what is your role?",
        "userDefined": false
      }
    ],
    "isTemplate": false,
    "count": 0
  },
  {
    "id": "fe18994b-76b2-4f6e-90f2-b67810324263",
    "data": [
      {
        "text": "what is your role here?",
        "userDefined": false
      }
    ],
    "isTemplate": false,
    "count": 0
  },
  {
    "id": "ea8cea07-bdbf-426f-b30a-10f1283224aa",
    "data": [
      {
        "text": "what is your work?",
        "userDefined": false
      }
    ],
    "isTemplate": false,
    "count": 0
  },
  {
    "id": "3f1dc2ec-b280-4008-bda4-d3f77827a7c6",
    "data": [
      {
        "text": "what is your job?",
        "userDefined": false
      }
    ],
    "isTemplate": false,
    "count": 0
  },
  {
    "id": "84b5374a-3be2-41d6-b322-119fc6a59a90",
    "data": [
      {
        "text": "what is your duty?",
        "userDefined": false
      }
    ],
    "isTemplate": false,
    "count": 0
  }
]