[
  {
    "id": "eff2411f-0d29-407f-94ab-f394ad136d3b",
    "data": [
      {
        "text": "accomodation",
        "userDefined": false
      }
    ],
    "isTemplate": false,
    "count": 0,
    "updated": 1512215462
  },
  {
    "id": "5e292d82-1256-4246-a89b-f9acdea96142",
    "data": [
      {
        "text": "hotels",
        "userDefined": false
      }
    ],
    "isTemplate": false,
    "count": 0,
    "updated": 1512215462
  },
  {
    "id": "4c3aa07b-a115-4cd9-b4e8-ca179ebf83aa",
    "data": [
      {
        "text": "stay",
        "userDefined": false
      }
    ],
    "isTemplate": false,
    "count": 0,
    "updated": 1512215462
  }
]