[
  {
    "id": "0610e06a-fd6c-4d39-b153-4ea3e8b1f8d4",
    "data": [
      {
        "text": "places to visit",
        "userDefined": false
      }
    ],
    "isTemplate": false,
    "count": 0,
    "updated": 1512225002
  },
  {
    "id": "8ab2090b-8b48-4b8f-83c6-d7a08ec54710",
    "data": [
      {
        "text": "tourist places",
        "userDefined": false
      }
    ],
    "isTemplate": false,
    "count": 0,
    "updated": 1512225002
  },
  {
    "id": "f169312b-8a4a-49eb-b1d0-af13db980f2f",
    "data": [
      {
        "text": "destination",
        "userDefined": false
      }
    ],
    "isTemplate": false,
    "count": 0,
    "updated": 1512225002
  }
]