[
  {
    "id": "97a04759-079e-4fa8-a0a8-fb12310de10f",
    "data": [
      {
        "text": "forts",
        "userDefined": false
      }
    ],
    "isTemplate": false,
    "count": 0,
    "updated": 1512230436
  },
  {
    "id": "c7324c6f-c764-4ebd-911d-01a10e6377f8",
    "data": [
      {
        "text": "forts in ",
        "userDefined": false
      },
      {
        "text": "rajasthan",
        "alias": "geo-city",
        "meta": "@sys.geo-city",
        "userDefined": false
      }
    ],
    "isTemplate": false,
    "count": 1,
    "updated": 1512230436
  }
]