[
  {
    "id": "1425949c-9aa6-453c-a9f7-d026b72b1842",
    "data": [
      {
        "text": "monuments",
        "userDefined": false
      }
    ],
    "isTemplate": false,
    "count": 0,
    "updated": 1512218366
  },
  {
    "id": "a6d5ff4b-5b86-477e-8154-4bb9a1bbd95c",
    "data": [
      {
        "text": "jaipur monuments",
        "userDefined": false
      }
    ],
    "isTemplate": false,
    "count": 0,
    "updated": 1512218366
  },
  {
    "id": "82650d59-682b-41a4-8be4-a3d8852e04c5",
    "data": [
      {
        "text": "jaipur",
        "userDefined": false
      }
    ],
    "isTemplate": false,
    "count": 0,
    "updated": 1512218366
  }
]