[
  {
    "id": "bcf0a47a-85f5-4d19-b785-8b82bd2e87a0",
    "data": [
      {
        "text": "about rajasthan tourism",
        "userDefined": false
      }
    ],
    "isTemplate": false,
    "count": 0
  },
  {
    "id": "fa51cbb1-f9f6-4475-9545-429ae8e4f917",
    "data": [
      {
        "text": "about tourism",
        "userDefined": false
      }
    ],
    "isTemplate": false,
    "count": 0
  },
  {
    "id": "f06156b6-ec7e-4523-ab4d-37490ec60d25",
    "data": [
      {
        "text": "rajasthan tourism",
        "userDefined": false
      }
    ],
    "isTemplate": false,
    "count": 0
  },
  {
    "id": "8a668dc0-fcea-44da-ba24-1600d1e8532c",
    "data": [
      {
        "text": "tourism",
        "userDefined": false
      }
    ],
    "isTemplate": false,
    "count": 0,
    "updated": 1512197536
  }
]