[
  {
    "id": "15a6cf2f-c1fd-498a-8da8-0904e1539d89",
    "data": [
      {
        "text": "lake in ",
        "userDefined": false
      },
      {
        "text": "rajasthan",
        "alias": "geo-city",
        "meta": "@sys.geo-city",
        "userDefined": false
      }
    ],
    "isTemplate": false,
    "count": 0,
    "updated": 1512242509
  },
  {
    "id": "9631143a-4192-4d5b-8fb6-bb680a6ae44f",
    "data": [
      {
        "text": "lakes",
        "alias": "given-name",
        "meta": "@sys.given-name",
        "userDefined": false
      },
      {
        "text": " in rajasthan",
        "userDefined": false
      }
    ],
    "isTemplate": false,
    "count": 0,
    "updated": 1512242509
  },
  {
    "id": "7cd35e63-e477-4ffa-b9c1-1ceeeb2ee30a",
    "data": [
      {
        "text": "lake",
        "alias": "given-name",
        "meta": "@sys.given-name",
        "userDefined": false
      }
    ],
    "isTemplate": false,
    "count": 0,
    "updated": 1512242509
  },
  {
    "id": "5b9f572a-891e-4c67-8e7d-2939578a25d2",
    "data": [
      {
        "text": "lakes",
        "alias": "given-name",
        "meta": "@sys.given-name",
        "userDefined": false
      }
    ],
    "isTemplate": false,
    "count": 0,
    "updated": 1512242509
  }
]