[
  {
    "id": "c83ebe0b-69ab-4c08-86f0-d68a905c1101",
    "data": [
      {
        "text": "museum in rajasthan",
        "userDefined": false
      }
    ],
    "isTemplate": false,
    "count": 0,
    "updated": 1512242255
  },
  {
    "id": "0819d1e9-c0db-4d3e-92a7-8663acfce8e0",
    "data": [
      {
        "text": "museum",
        "userDefined": false
      }
    ],
    "isTemplate": false,
    "count": 0,
    "updated": 1512242255
  },
  {
    "id": "8e837d94-bf15-4a9a-b8fa-a3b12932f2ae",
    "data": [
      {
        "text": "museums",
        "userDefined": false
      }
    ],
    "isTemplate": false,
    "count": 0,
    "updated": 1512242255
  }
]