[
  {
    "id": "8d2d401b-9e9b-4a48-aacc-216e104cabf9",
    "data": [
      {
        "text": "park",
        "userDefined": false
      }
    ],
    "isTemplate": false,
    "count": 0,
    "updated": 1512223806
  },
  {
    "id": "5ff70e57-69d9-4601-8be2-e5accfd05360",
    "data": [
      {
        "text": "national park",
        "alias": "address",
        "meta": "@sys.address",
        "userDefined": false
      }
    ],
    "isTemplate": false,
    "count": 0,
    "updated": 1512223806
  }
]