[
  {
    "id": "3ad1ad3b-76c2-431a-adac-c41e67ad909d",
    "data": [
      {
        "text": "more places",
        "userDefined": false
      }
    ],
    "isTemplate": false,
    "count": 0
  },
  {
    "id": "5ae27ba3-51c6-4a40-b7ba-f2614db59035",
    "data": [
      {
        "text": "more destinations",
        "userDefined": false
      }
    ],
    "isTemplate": false,
    "count": 0
  },
  {
    "id": "e7e91807-adcd-4814-9355-e2583e851845",
    "data": [
      {
        "text": "other place",
        "userDefined": false
      }
    ],
    "isTemplate": false,
    "count": 0
  },
  {
    "id": "5f957ddf-9caa-474f-82d5-ad42476f1174",
    "data": [
      {
        "text": "other places",
        "userDefined": false
      }
    ],
    "isTemplate": false,
    "count": 0
  },
  {
    "id": "423fb459-9f8c-44c2-bc0e-3dd256e436a4",
    "data": [
      {
        "text": "other places in ",
        "userDefined": false
      },
      {
        "text": "Rajasthan",
        "alias": "geo-city",
        "meta": "@sys.geo-city",
        "userDefined": false
      }
    ],
    "isTemplate": false,
    "count": 0,
    "updated": 1512243968
  },
  {
    "id": "dbb2492b-b7d0-445c-aa6e-cdedd2536b68",
    "data": [
      {
        "text": "others",
        "userDefined": false
      }
    ],
    "isTemplate": false,
    "count": 0,
    "updated": 1512243968
  },
  {
    "id": "0da08724-473a-41b6-bd21-f99cc4017045",
    "data": [
      {
        "text": "other",
        "userDefined": false
      }
    ],
    "isTemplate": false,
    "count": 0,
    "updated": 1512243968
  }
]