[
  {
    "id": "f30a31e7-fc56-419d-b44a-3e217d4eab96",
    "data": [
      {
        "text": "palace in ",
        "userDefined": false
      },
      {
        "text": "rajasthan",
        "alias": "geo-city",
        "meta": "@sys.geo-city",
        "userDefined": false
      }
    ],
    "isTemplate": false,
    "count": 0,
    "updated": 1512233101
  },
  {
    "id": "b8fe4580-54f4-45ca-97d5-f852edbf8a97",
    "data": [
      {
        "text": "palace",
        "userDefined": false
      }
    ],
    "isTemplate": false,
    "count": 0,
    "updated": 1512233101
  },
  {
    "id": "c7cbbed0-8fa8-4bdf-b085-ba3363b1290b",
    "data": [
      {
        "text": "palaces",
        "userDefined": false
      }
    ],
    "isTemplate": false,
    "count": 0,
    "updated": 1512233101
  }
]