[
  {
    "id": "ce049af2-4923-4b4a-91bc-49323521c56e",
    "data": [
      {
        "text": "rajasthan tourism fb",
        "userDefined": false
      }
    ],
    "isTemplate": false,
    "count": 0,
    "updated": 1512249927
  },
  {
    "id": "0662a39c-cf9d-4165-bc9d-b4a19676978a",
    "data": [
      {
        "text": "rajasthan fb",
        "userDefined": false
      }
    ],
    "isTemplate": false,
    "count": 0,
    "updated": 1512249927
  },
  {
    "id": "53453b9e-608b-41e0-9709-037b29863508",
    "data": [
      {
        "text": "fb",
        "userDefined": false
      }
    ],
    "isTemplate": false,
    "count": 0,
    "updated": 1512249927
  },
  {
    "id": "f4a3e603-34a8-4582-bb65-b45cd9d453c2",
    "data": [
      {
        "text": "fb page",
        "userDefined": false
      }
    ],
    "isTemplate": false,
    "count": 0,
    "updated": 1512249927
  },
  {
    "id": "ebfda5f3-68d5-4a51-aff9-b666d047783f",
    "data": [
      {
        "text": "facebook page",
        "userDefined": false
      }
    ],
    "isTemplate": false,
    "count": 0,
    "updated": 1512249927
  },
  {
    "id": "d570f4e3-8f94-49b0-9693-f77d8853ea2b",
    "data": [
      {
        "text": "rajasthan tourism facebook",
        "userDefined": false
      }
    ],
    "isTemplate": false,
    "count": 0,
    "updated": 1512249927
  },
  {
    "id": "ee3a0788-1f6a-4a20-abcc-6df19d6ca809",
    "data": [
      {
        "text": "rajasthan facebook",
        "userDefined": false
      }
    ],
    "isTemplate": false,
    "count": 0,
    "updated": 1512249927
  },
  {
    "id": "eb67c52e-d715-4a32-beba-f24b4687aca7",
    "data": [
      {
        "text": "facebook",
        "userDefined": false
      }
    ],
    "isTemplate": false,
    "count": 0,
    "updated": 1512249927
  }
]