[
  {
    "id": "2b1441ee-8bdc-43d5-aef5-3c89a55eaffc",
    "data": [
      {
        "text": "temples in ",
        "userDefined": false
      },
      {
        "text": "rajasthan",
        "alias": "geo-city",
        "meta": "@sys.geo-city",
        "userDefined": false
      }
    ],
    "isTemplate": false,
    "count": 0,
    "updated": 1512242994
  },
  {
    "id": "a2f83998-65f8-47f7-84b4-f9774ce2e342",
    "data": [
      {
        "text": "temples",
        "userDefined": false
      }
    ],
    "isTemplate": false,
    "count": 0,
    "updated": 1512242994
  },
  {
    "id": "a6a8f5d6-4302-456d-879e-44a4692005f8",
    "data": [
      {
        "text": "religious",
        "userDefined": false
      }
    ],
    "isTemplate": false,
    "count": 0,
    "updated": 1512242994
  },
  {
    "id": "38bd8f62-5387-4662-94ad-b22a631f00de",
    "data": [
      {
        "text": "religion",
        "userDefined": false
      }
    ],
    "isTemplate": false,
    "count": 0,
    "updated": 1512242994
  },
  {
    "id": "1ffcc2b6-e644-4b15-aaa6-b1cdcbcb8cf4",
    "data": [
      {
        "text": "religious places in ",
        "userDefined": false
      },
      {
        "text": "rajasthan",
        "alias": "geo-city",
        "meta": "@sys.geo-city",
        "userDefined": false
      }
    ],
    "isTemplate": false,
    "count": 0,
    "updated": 1512242994
  }
]