[
  {
    "id": "34d1e689-9d7f-4539-9664-875a8fb0b352",
    "data": [
      {
        "text": "stays",
        "userDefined": false
      }
    ],
    "isTemplate": false,
    "count": 0,
    "updated": 1512217636
  },
  {
    "id": "d0e3d165-65f1-4ae0-8f18-3fe3e2515448",
    "data": [
      {
        "text": "motel",
        "userDefined": false
      }
    ],
    "isTemplate": false,
    "count": 0,
    "updated": 1512217636
  },
  {
    "id": "f989f45c-90a7-4229-b0e1-44870c8ddc8f",
    "data": [
      {
        "text": "hotel",
        "userDefined": false
      }
    ],
    "isTemplate": false,
    "count": 0,
    "updated": 1512217636
  },
  {
    "id": "79b44f82-b92a-4c1f-9840-bd1f6c92f657",
    "data": [
      {
        "text": "motels",
        "userDefined": false
      }
    ],
    "isTemplate": false,
    "count": 0,
    "updated": 1512217636
  },
  {
    "id": "8b2c0538-7deb-404f-bb67-4cbede3bcccf",
    "data": [
      {
        "text": "hotels",
        "userDefined": false
      }
    ],
    "isTemplate": false,
    "count": 0,
    "updated": 1512217636
  },
  {
    "id": "7386a4ca-6733-424d-834b-827364a041a9",
    "data": [
      {
        "text": "accomodation",
        "userDefined": false
      }
    ],
    "isTemplate": false,
    "count": 0,
    "updated": 1512217636
  },
  {
    "id": "e471ba0d-c764-4a9a-a55b-a6bade3f54e1",
    "data": [
      {
        "text": "stay",
        "userDefined": false
      }
    ],
    "isTemplate": false,
    "count": 0,
    "updated": 1512217636
  }
]